URL,Men's Sneakers Jogging Walking Sports Athletic Outdoor Tennis Running Shoes Gym,afterjourney,Black Orange,US8.5/EU42/260mm,US $27.49
URL,Men's Sneakers Jogging Walking Sports Athletic Outdoor Tennis Running Shoes Gym,afterjourney,Black Orange,US9.5/EU43/265mm,US $29.69
URL,Men's Sneakers Jogging Walking Sports Athletic Outdoor Tennis Running Shoes Gym,afterjourney,Black Orange,US10/EU44/270mm,US $29.69
URL,Men's Sneakers Jogging Walking Sports Athletic Outdoor Tennis Running Shoes Gym,afterjourney,Black Orange,US11/EU45/275mm,US $29.69
URL,Men's Sneakers Jogging Walking Sports Athletic Outdoor Tennis Running Shoes Gym,afterjourney,Black Red,US8.5/EU42/260mm,US $29.69
URL,Men's Sneakers Jogging Walking Sports Athletic Outdoor Tennis Running Shoes Gym,afterjourney,Black Red,US9.5/EU43/265mm,US $29.69
URL,Men's Sneakers Jogging Walking Sports Athletic Outdoor Tennis Running Shoes Gym,afterjourney,Black Red,US10/EU44/270mm,US $29.69
URL,Men's Sneakers Jogging Walking Sports Athletic Outdoor Tennis Running Shoes Gym,afterjourney,Black Red,US11/EU45/275mm,US $29.69
URL,Men's Sneakers Jogging Walking Sports Athletic Outdoor Tennis Running Shoes Gym,afterjourney,Black Red,US12/EU46/280mm,US $29.69
URL,Men's Sneakers Jogging Walking Sports Athletic Outdoor Tennis Running Shoes Gym,afterjourney,White Red,US8.5/EU42/260mm,US $29.69
URL,Men's Sneakers Jogging Walking Sports Athletic Outdoor Tennis Running Shoes Gym,afterjourney,White Red,US9.5/EU43/265mm,US $29.69
URL,Men's Sneakers Jogging Walking Sports Athletic Outdoor Tennis Running Shoes Gym,afterjourney,White Red,US10/EU44/270mm,US $29.69
URL,Men's Sneakers Jogging Walking Sports Athletic Outdoor Tennis Running Shoes Gym,afterjourney,White Red,US11/EU45/275mm,US $29.69
URL,Men's Sneakers Jogging Walking Sports Athletic Outdoor Tennis Running Shoes Gym,afterjourney,White Red,US12/EU46/280mm,US $29.69
URL,Men's Sneakers Jogging Walking Sports Athletic Outdoor Tennis Running Shoes Gym,afterjourney,White Orange,US8.5/EU42/260mm,US $29.69
URL,Men's Sneakers Jogging Walking Sports Athletic Outdoor Tennis Running Shoes Gym,afterjourney,White Orange,US9.5/EU43/265mm,US $29.69
URL,Men's Sneakers Jogging Walking Sports Athletic Outdoor Tennis Running Shoes Gym,afterjourney,White Orange,US10/EU44/270mm,US $29.69
URL,Men's Sneakers Jogging Walking Sports Athletic Outdoor Tennis Running Shoes Gym,afterjourney,White Orange,US11/EU45/275mm,US $29.69
URL,Men's Sneakers Jogging Walking Sports Athletic Outdoor Tennis Running Shoes Gym,afterjourney,White Orange,US12/EU46/280mm,US $29.69
